{"cameraMode":{"drawMode":0,"name":"Shaded","section":"Shading Mode"},"sceneLighting":false,"audioPlay":false,"sceneViewState":{"showFog":true,"showMaterialUpdate":false,"showSkybox":false,"showFlares":true,"showImageEffects":true,"showParticleSystems":true},"in2DMode":false,"pivot":{"x":-0.01872730255126953,"y":2.484379768371582,"z":-4.147538185119629},"rotation":{"x":-0.3607858121395111,"y":0.4060583710670471,"z":-0.17857074737548829,"w":-0.8204063773155212},"size":4.293379783630371,"orthographic":true}