{"cameraMode":{"drawMode":0,"name":"Shaded","section":"Shading Mode"},"sceneLighting":false,"audioPlay":false,"sceneViewState":{"showFog":true,"showMaterialUpdate":false,"showSkybox":false,"showFlares":true,"showImageEffects":true,"showParticleSystems":true},"in2DMode":false,"pivot":{"x":0.553510844707489,"y":0.8036661148071289,"z":2.1326069831848146},"rotation":{"x":-0.05823215842247009,"y":0.941030740737915,"z":-0.21568544209003449,"w":-0.25406551361083987},"size":4.144740104675293,"orthographic":true}