{"cameraMode":{"drawMode":0,"name":"Shaded","section":"Shading Mode"},"sceneLighting":false,"audioPlay":false,"sceneViewState":{"showFog":true,"showMaterialUpdate":false,"showSkybox":false,"showFlares":true,"showImageEffects":true,"showParticleSystems":true},"in2DMode":false,"pivot":{"x":-0.01872730255126953,"y":2.484379768371582,"z":-4.147538185119629},"rotation":{"x":-0.1394478976726532,"y":0.8256744146347046,"z":-0.23279353976249696,"w":-0.4945957362651825},"size":9.834189414978028,"orthographic":true}